cnpj;raiz_cnpj;matriz_filial;razao_social;opcao_pelo_simples;capital_social;bairro;municipio
126195000110;126195;MATRIZ;TRAMA SOFTWARE LTDA;NAO;0;BIGORRILHO;CURITIBA
587384000190;587384;MATRIZ;INOVATIVA INFORMATICA LTDA;SIM;0;BACACHERI;CURITIBA
714851000104;714851;MATRIZ;MKT SERVICOS DE MARKETING E TECNOLOGIA - EIRELI;NAO;320000;CENTRO CIVICO;CURITIBA
846686000136;846686;MATRIZ;HORUS INFORMATICA LTDA;NAO;200000;BATEL;CURITIBA
1413885000113;1413885;MATRIZ;SIX TECH DESENVOLVIMENTO SISTEMAS DE INFORMATICA LTDA;SIM;0;PILARZINHO;CURITIBA
1519924000161;1519924;MATRIZ;BERGERSON CONSULTING S/C LTDA;NAO;0;CENTRO;CURITIBA
2019301000192;2019301;MATRIZ;FIDARE LTDA;NAO;0;MOSSUNGUE;CURITIBA
2265894000177;2265894;MATRIZ;ISO ENTERPRISE INFORMATICA LTDA;NAO;259999;PAROLIN;CURITIBA
2904609000110;2904609;MATRIZ;FATOR I CONSULTORIA LTDA;NAO;25000;SANTA FELICIDADE;CURITIBA
2969247000146;2969247;MATRIZ;BATECH MARKETING E TECNOLOGIA LTDA.;NAO;0;CENTRO;CURITIBA
3158860000146;3158860;MATRIZ;PELISSARI INFORMATICA SA;NAO;6500500;REBOUCAS;CURITIBA
3217373000107;3217373;MATRIZ;VERSA SOLUCOES EM TECNOLOGIA LTDA;NAO;4000;SAO JOAO;CURITIBA
3441246000197;3441246;MATRIZ;GOLDEN IT LTDA;SIM;0;PORTAO;CURITIBA
3456658000109;3456658;MATRIZ;PLANETAWEB INFORMATICA LTDA;SIM;50000;CENTRO;CURITIBA
3650551000199;3650551;MATRIZ;WELAB.BUSINESS COMUNICACAO DIGITAL EIRELI;NAO;250000;SAO FRANCISCO;CURITIBA
3706036000183;3706036;MATRIZ;QUALIDIG LTDA;SIM;1000;CRISTO REI;CURITIBA
3768803000189;3768803;MATRIZ;MITI - MIDIA INTERATIVA E TECNOLOGIA DA INFORMACAO LTDA;NAO;5472116;AGUA VERDE;CURITIBA
3801285000158;3801285;MATRIZ;CG SISTEMAS E SERVICOS DE INFORMATICA LTDA;SIM;1000;CRISTO REI;CURITIBA
3842870000104;3842870;MATRIZ;FERAWEB INFORMATICA LTDA;NAO;15000;BATEL;CURITIBA
3869517000100;3869517;MATRIZ;AMBX TECNOLOGIA LTDA;NAO;500000;BATEL;CURITIBA
3940974000143;3940974;MATRIZ;E.R.P. CONSULTORIA EM INFORMATICA LTDA;NAO;0;BIGORRILHO;CURITIBA
3942659000155;3942659;MATRIZ;VIGA NETSTORE LTDA;NAO;60000;JARDIM DAS AMERICAS;CURITIBA
3971445000107;3971445;MATRIZ;E.A.F.F. - CONSULTORIA & INFORMATICA LTDA;NAO;0;CAPAO DA IMBUIA;CURITIBA
4055839000188;4055839;MATRIZ;TEROS INFORMATICA LTDA;SIM;10000;MERCES;CURITIBA
4067290000141;4067290;MATRIZ;DHBYTE SOFTWARE ESPECIALISTA S/S LTDA;NAO;10000;BAIRRO ALTO;CURITIBA
4246459000120;4246459;MATRIZ;BOEIRA TECNOLOGIA DA INFORMACAO LTDA;SIM;0;XAXIM;CURITIBA
4358494000131;4358494;MATRIZ;CINQ TECHNOLOGIES LTDA;NAO;7990586;REBOUCAS;CURITIBA
4410157000146;4410157;MATRIZ;PROSOFTIN CONSULTORIA E SISTEMAS LTDA;SIM;0;CAPAO DA IMBUIA;CURITIBA
4516228000190;4516228;MATRIZ;AQUI VANTAGENS.COM ADMINISTRACAO CARTOES DE DESCONTO E TELECOMUNICACOES LTDA;SIM;0;MERCES;CURITIBA
5028586000116;5028586;MATRIZ;GLOBAL CASE CONSULTORIA E ASSESSORIA LTDA;SIM;0;SANTA FELICIDADE;CURITIBA
5138645000109;5138645;MATRIZ;M2A TECNOLOGIA E GESTAO DA INFORMACAO - EIRELI;NAO;67800;REBOUCAS;CURITIBA
5159145000153;5159145;MATRIZ;IDDEIA COMERCIO, LOCACAO E SOLUCOES TECNOLOGICAS EIRELI;NAO;4500000;CENTRO;CURITIBA
5251406000160;5251406;MATRIZ;SYTS CONSULTORIA LTDA;NAO;0;AGUA VERDE;CURITIBA
5422311000162;5422311;MATRIZ;KAIZENDO SOLUCOES E SISTEMAS PARA MELHORIA LTDA;SIM;240000;PILARZINHO;CURITIBA
5448669000164;5448669;MATRIZ;MAURICIO RIBEIRO INFORMATICA LTDA;SIM;100000;CENTRO CIVICO;CURITIBA
5546793000162;5546793;MATRIZ;GO ON CONSULTORIA EM TECNOLOGIA DA INFORMACAO LTDA;NAO;600000;AGUA VERDE;CURITIBA
5617100000185;5617100;MATRIZ;BUNDT CONSULTORIA, EDUCACAO & PARTICIPACOES LTDA;NAO;30000;BOQUEIRAO;CURITIBA
5809591000166;5809591;MATRIZ;BR CAPTURA - EMPRESA BRASILEIRA DE REDE DE CAPTURA S.A;NAO;200000;CAMPO COMPRIDO;CURITIBA
5895166000137;5895166;MATRIZ;FSK INFORMATICA LTDA;NAO;20000;REBOUCAS;CURITIBA
5936622000140;5936622;MATRIZ;MSLAB - LABORATORIO DE TECNOLOGIA;NAO;0;SAO FRANCISCO;CURITIBA
6153856000183;6153856;MATRIZ;ISOLVE - SOLUCOES EM INFORMATICA LTDA;SIM;15000;ALTO DA GLORIA;CURITIBA
6185897000151;6185897;MATRIZ;ATGMASTERS LTDA;NAO;10000;BAIRRO ALTO;CURITIBA
6290671000110;6290671;MATRIZ;AMBIENTE LIVRE ASSESSORIA EM SISTEMAS DE INFORMATICA LTDA;SIM;120000;CRISTO REI;CURITIBA
7051953000128;7051953;MATRIZ;M2V SISTEMAS LTDA;NAO;0;CENTRO;CURITIBA
7208334000102;7208334;MATRIZ;MERCADO DOS SONHOS LTDA;NAO;10000;BIGORRILHO;CURITIBA
7591060000175;7591060;MATRIZ;4RESULTS LTDA;NAO;580000;PRADO VELHO;CURITIBA
7592315000114;7592315;MATRIZ;NTT DATA BUSINESS SOLUTIONS - SERVICOS DE TECNOLOGIA LTDA;NAO;1434000;CENTRO;CURITIBA
7941604000181;7941604;MATRIZ;MFC INFORMATICA LTDA;NAO;10000;XAXIM;CURITIBA
8139576000146;8139576;MATRIZ;AGNNA DESENVOLVIMENTO DE SOFTWARE E PROJETOS LTDA;NAO;1000;SANTO INACIO;CURITIBA
8437692000141;8437692;MATRIZ;NETINSIDE INFORMATICA LTDA;NAO;2000;BOA VISTA;CURITIBA
8671358000158;8671358;MATRIZ;DIGITAL UP - TECNOLOGIA EM SISTEMAS LTDA;SIM;500000;BIGORRILHO;CURITIBA
8765613000121;8765613;MATRIZ;SOLUTTIONS - SOLUCAO EM TECNOLOGIA LTDA;NAO;481000;AGUA VERDE;CURITIBA
8889601000109;8889601;MATRIZ;SETBOX INFORMATICA LTDA;NAO;3000;PORTAO;CURITIBA
8944685000136;8944685;MATRIZ;HELOISA KARINA COSTA;NAO;5000;CENTRO;CURITIBA
9018845000189;9018845;MATRIZ;WEDOIT CONSULTORIA EM INFORMATICA LTDA.;NAO;4000;PILARZINHO;CURITIBA
9044119000130;9044119;MATRIZ;AVA TECNOLOGIA LTDA;SIM;100000;BATEL;CURITIBA
9052375000170;9052375;MATRIZ;E-NET COMERCIO DE PRODUTOS E SERVICOS DE INFORMATICA LTDA;NAO;10000;TARUMA;CURITIBA
9254750000164;9254750;MATRIZ;EASYBYTE INFORMATICA LTDA.;SIM;30000;CENTRO;CURITIBA
9276674000198;9276674;MATRIZ;EASYONE CONSULTORIA LTDA;NAO;70000;BOM RETIRO;CURITIBA
9336130000174;9336130;MATRIZ;ENGELBERT & CIA. LTDA.;SIM;5000;SANTO INACIO;CURITIBA
9401653000157;9401653;MATRIZ;R.J.D. CONSULTORIA E TECNOLOGIA PARA NEGOCIOS LTDA;NAO;16666;BOM RETIRO;CURITIBA
9416343000106;9416343;MATRIZ;L. F. KASPRIK TECNOLOGIA DA INFORMACAO EIRELI;SIM;100000;CAJURU;CURITIBA
9451699000180;9451699;MATRIZ;CONVISO APPLICATION SECURITY S/A;NAO;200000;JUVEVE;CURITIBA
9574379000118;9574379;MATRIZ;SMS SOLUCOES EM TECNOLOGIA DA INFORMACAO LTDA;NAO;3000;HUGO LANGE;CURITIBA
9653351000176;9653351;MATRIZ;JAMIL ALVES FONSECA;NAO;10000;MOSSUNGUE;CURITIBA
9666433000155;9666433;MATRIZ;VIEW CONSULTORIA EM INOVACAO LTDA;NAO;1000;CENTRO;CURITIBA
10358880000126;10358880;MATRIZ;SERCOMPE SOLUCOES CORPORATIVAS E TECNOLOGICAS LTDA;NAO;10000;SAO FRANCISCO;CURITIBA
10414615000118;10414615;MATRIZ;SPRO CONSULTORIA E INFORMATICA LTDA;NAO;1000000;REBOUCAS;CURITIBA
10468447000143;10468447;MATRIZ;PRIME CONTROL CONSULTORIA LTDA;NAO;3091190;BATEL;CURITIBA
10570173000107;10570173;MATRIZ;POLARIS PARTICIPACOES SOCIETARIAS LTDA;NAO;2250000;BOM RETIRO;CURITIBA
10657602000170;10657602;MATRIZ;CONTE SERVICOS DE INFORMATICA LTDA.;NAO;10000;NOVO MUNDO;CURITIBA
11023375000193;11023375;MATRIZ;BUSINESS SOLUTION SISTEMAS DE INFORMATICA LTDA;SIM;2000;CENTRO;CURITIBA
11038137000151;11038137;MATRIZ;GODZ GOVERNANCA E CONSULTORIA EMPRESARIAL LTDA;SIM;84400;SANTO INACIO;CURITIBA
11048655000156;11048655;MATRIZ;INTELLIGENT MARITIME SOLUTIONS CONSULTORIA LTDA;SIM;1000;JARDIM SOCIAL;CURITIBA
11209861000109;11209861;MATRIZ;GEOINFORMATION TECNOLOGIA LTDA;SIM;5000;NOVO MUNDO;CURITIBA
11738958000109;11738958;MATRIZ;DANIEL APARECIDO DE TOLEDO VIANA;SIM;10000;CAMPO COMPRIDO;CURITIBA
11902187000135;11902187;MATRIZ;INLINUX INFORMATICA LTDA;NAO;10000;XAXIM;CURITIBA
11958556000101;11958556;MATRIZ;ASK CONSULTORIA E SISTEMAS LTDA;NAO;20000;BOA VISTA;CURITIBA
12330337000146;12330337;MATRIZ;BEMACHI SORTEMOBIL SERVICOS DE INFORMATICA LTDA.;NAO;1200000;CENTRO;CURITIBA
12794444000125;12794444;MATRIZ;HAG CONSULTORIA EM INFORMATICA LTDA;SIM;3000;ATUBA;CURITIBA
12803041000103;12803041;MATRIZ;IXS TECNOLOGIA DA INFORMACAO LTDA;NAO;7625;CABRAL;CURITIBA
12957904000199;12957904;MATRIZ;ZERO OU UM NEGOCIOS DIGITAIS LTDA;SIM;40000;CENTRO;CURITIBA
13976120000170;13976120;MATRIZ;LAPORTE CONSULTORIA EM TECNOLOGIA DA INFORMACAO EIRELI;NAO;78800;BIGORRILHO;CURITIBA
13994051000128;13994051;MATRIZ;GOLIVE CONSULTORIA LTDA;SIM;13500;MERCES;CURITIBA
14056643000161;14056643;MATRIZ;CUNHA E MIRANDA ESTRATEGIA, GESTAO E TECNOLOGIA DA INFORMACAO LTDA;SIM;2000;MERCES;CURITIBA
14136101000107;14136101;MATRIZ;SONNUS ASSESSORIA E CONSULTORIA EM INFORMATICA LTDA;SIM;3000;BOA VISTA;CURITIBA
14147860000167;14147860;MATRIZ;HADAS SERVICOS DE CONSULTORIA EM INFORMATICA LTDA;NAO;10000;PILARZINHO;CURITIBA
14456555000157;14456555;MATRIZ;CENTRAIS ONLINE SISTEMAS E CONSULTORIAS LTDA;NAO;5000;JARDIM DAS AMERICAS;CURITIBA
14513770000142;14513770;MATRIZ;RED COMMERCE CONSULTORIA E RECRUTAMENTO LTDA;NAO;1246300;CENTRO CIVICO;CURITIBA
14699691000178;14699691;MATRIZ;RETAIL CONSULT KSR - SOLUCOES PARA VAREJO LTDA;NAO;155690;CABRAL;CURITIBA
15313818000131;15313818;MATRIZ;TELEFOCUS INFORMATICA LTDA;NAO;1000;CENTRO;CURITIBA
16584899000177;16584899;MATRIZ;SMART SKY SERVICOS LTDA;NAO;20000;JARDIM BOTANICO;CURITIBA
16800966000143;16800966;MATRIZ;RIC MAIS PARANA LTDA.;NAO;1160000;PILARZINHO;CURITIBA
17124582000110;17124582;MATRIZ;ERIKA ROMAO CONSULTORIA LTDA;NAO;5000;BAIRRO ALTO;CURITIBA
17283617000164;17283617;MATRIZ;VENERA - SOLUCOES CORPORATIVAS LTDA;SIM;1000;BATEL;CURITIBA
17915726000157;17915726;MATRIZ;SMARTI CONSULTORIA E SERVICOS DE TI LTDA;SIM;12000;BATEL;CURITIBA
17949442000181;17949442;MATRIZ;MALGUEIRO SERVICOS EM TECNOLOGIA DA INFORMACAO LTDA;SIM;10000;SAO FRANCISCO;CURITIBA
18173795000103;18173795;MATRIZ;TEXVN INFORMATICA - EIRELI;SIM;70000;HUGO LANGE;CURITIBA
19122334000166;19122334;MATRIZ;MIDIA CLASS EDITORA LTDA;SIM;10000;CENTRO;CURITIBA
19196565000114;19196565;MATRIZ;GM MONTEIRO GIL - CONSULTORIA EM TECNOLOGIA DA INFORMACAO;NAO;5000;CRISTO REI;CURITIBA
19301105000109;19301105;MATRIZ;IMPLEMENTTI TECNOLOGIA EIRELI;SIM;95400;CENTRO;CURITIBA
20221014000142;20221014;MATRIZ;RC CONSULTORIA EM TECNOLOGIA DA INFORMACAO LTDA;NAO;3000;CRISTO REI;CURITIBA
20980996000156;20980996;MATRIZ;SMA IT SOLUTIONS LTDA;NAO;20000;REBOUCAS;CURITIBA
21295146000181;21295146;MATRIZ;FLM TECNOLOGIA EIRELI;SIM;100000;HAUER;CURITIBA
21388085000105;21388085;MATRIZ;FELICIO CONSULTORIA EIRELI;SIM;98000;REBOUCAS;CURITIBA
21682068000178;21682068;MATRIZ;QEXPERT CONSULTORIA EM BUSINESS INTELLIGENCE LTDA.;NAO;45000;PRADO VELHO;CURITIBA
21812398000130;21812398;MATRIZ;MRJP CONSULTORIA EM INFORMATICA S/A;NAO;30000;BATEL;CURITIBA
21884232000120;21884232;MATRIZ;NIMBUS NETWORK TECNOLOGIA DA INFORMACAO LTDA;SIM;30000;AGUA VERDE;CURITIBA
22516315000129;22516315;MATRIZ;EGROUP CONSULTORIA EM TECNOLOGIA DA INFORMACAO LTDA;NAO;15000;SAO FRANCISCO;CURITIBA
22778608000184;22778608;MATRIZ;NEXITERA CONSULTORIA E SOLUCOES EM TI SA.;NAO;7600691;VILA IZABEL;CURITIBA
23244090000161;23244090;MATRIZ;THEKLA CONSULTORIA DE SISTEMAS EIRELI;SIM;80000;UBERABA;CURITIBA
23450854000175;23450854;MATRIZ;WS TECH - SOLUCOES EM T I EIRELI;SIM;115000;CAJURU;CURITIBA
23720406000144;23720406;MATRIZ;AMEW CONSULTORIA LTDA;SIM;5000;CAJURU;CURITIBA
24196301000109;24196301;MATRIZ;TRIXX SERVICOS DE INFORMACAO LTDA;NAO;10000;CENTRO;CURITIBA
24513991000174;24513991;MATRIZ;CONSORCIO PARANOA;NAO;0;CIDADE INDUSTRIAL;CURITIBA
24586847000168;24586847;MATRIZ;PIXELWOLF CONSULTORIA EM TECNOLOGIA LTDA;NAO;20000;VILA IZABEL;CURITIBA
24642438000131;24642438;MATRIZ;ALF CONSULTORIA LTDA;NAO;15000;BATEL;CURITIBA
24762992000152;24762992;MATRIZ;DECOSTORE INFORMACAO E TECNOLOGIA LTDA.;SIM;100000;BATEL;CURITIBA
25239083000105;25239083;MATRIZ;ESCOTTA CONSULTORIA LTDA;NAO;200000;BIGORRILHO;CURITIBA
25285557000147;25285557;MATRIZ;ROBOTIMIZE LTDA;SIM;88000;XAXIM;CURITIBA
25341444000111;25341444;MATRIZ;CORE SOLUTIONS - AUTOMACAO TECNOLOGICA LTDA;SIM;13000;JUVEVE;CURITIBA
26214713000141;26214713;MATRIZ;N&J PARTNERS CONSULTORIA E SERVICOS EM INFORMATICA LTDA;NAO;10000;AGUA VERDE;CURITIBA
26252461000145;26252461;MATRIZ;GEEKPOT CONSULTORIA E SERVICOS DE INFORMATICA LTDA;NAO;5000;ALTO DA RUA XV;CURITIBA
26960108000110;26960108;MATRIZ;OPENCONNECT SISTEMAS DE INFORMACAO E TECNOLOGIA LTDA;SIM;10000;SAO BRAZ;CURITIBA
27090363000111;27090363;MATRIZ;ZERO TI TECNOLOGIA DA INFORMACAO LTDA;SIM;101010;BIGORRILHO;CURITIBA
27112738000105;27112738;MATRIZ;PRADO TECNOLOGIA LTDA;SIM;5000;BAIRRO ALTO;CURITIBA
27456547000152;27456547;MATRIZ;SEO EXPERTS CONSULTORIA EM TECNOLOGIA DA INFORMATICA EIRELI;SIM;93700;FANNY;CURITIBA
27649569000139;27649569;MATRIZ;H. DE PAULA SOUZA JUNIOR - CONSULTORIA EM INFORMATICA;SIM;10000;CAJURU;CURITIBA
27667548000146;27667548;MATRIZ;HS2 SERVICOS E SOLUCOES DE INFORMATICA LTDA;NAO;100000;PRADO VELHO;CURITIBA
27702054000155;27702054;MATRIZ;VIBE IT SOLUCOES EM TECNOLOGIA LTDA;SIM;1000;ALTO DA RUA XV;CURITIBA
27770937000100;27770937;MATRIZ;GO SYSTEM TECNOLOGIA LTDA;SIM;1000;BIGORRILHO;CURITIBA
28031071000170;28031071;MATRIZ;DESENVINFO SOLUCOES EM TECNOLOGIA LTDA;SIM;1000;CENTRO CIVICO;CURITIBA
28082914000168;28082914;MATRIZ;RAVAGLIO E SAAB TECNOLOGIA E GESTAO LTDA;SIM;10000;CABRAL;CURITIBA
28254301000160;28254301;MATRIZ;J. BRINDAROLLI CONSULTORIA LTDA;NAO;2000;AHU;CURITIBA
28888367000102;28888367;MATRIZ;ACTIOTECH CONSULTORIA EM TI LTDA;NAO;2000;UBERABA;CURITIBA
28946642000105;28946642;MATRIZ;MCC TECNOLOGIA DA INFORMACAO LTDA;SIM;2000;BATEL;CURITIBA
29302309000118;29302309;MATRIZ;MARCUS VINICIUS SANTANA LOPES;NAO;1000;BAIRRO ALTO;CURITIBA
29309746000163;29309746;MATRIZ;GO4 TECNOLOGIA DA INFORMACAO LTDA;SIM;960000;CENTRO;CURITIBA
29432024000100;29432024;MATRIZ;ITRK TECNOLOGIA DA INFORMACAO LTDA;SIM;60000;JARDIM DAS AMERICAS;CURITIBA
29472136000186;29472136;MATRIZ;IT+ GESTAO E TECNOLOGIA - EIRELI;SIM;93700;BATEL;CURITIBA
29496699000104;29496699;MATRIZ;IBTI INSTITUTO BADAZ - TECNOLOGIA & INOVACAO LTDA;SIM;1000;PORTAO;CURITIBA
29636554000161;29636554;MATRIZ;GILGRID APLICATIVOS LTDA;SIM;96000;CRISTO REI;CURITIBA
29814528000186;29814528;MATRIZ;P2P BUSINESS SOLUTIONS - EIRELI;SIM;100000;XAXIM;CURITIBA
29826123000168;29826123;MATRIZ;REINALDO FREITAS DE CRISTO;SIM;5000;CENTRO;CURITIBA
29840265000180;29840265;MATRIZ;MICHAEL ANGELO ODORIZZI FILHO INFORMATICA;NAO;3000;AHU;CURITIBA
29890481000130;29890481;MATRIZ;SPRO CONSULTORIA E INFORMATICA LTDA SCP E.O;NAO;100;REBOUCAS;CURITIBA
29915283000183;29915283;MATRIZ;L&L ASSESSORIA E CONSULTORIA EMPRESARIAL LTDA;SIM;1000;CIDADE INDUSTRIAL;CURITIBA
30033125000189;30033125;MATRIZ;HC CONSULTORIA EM TECNOLOGIA LTDA;SIM;10000;CAMPINA DO SIQUEIRA;CURITIBA
30142925000138;30142925;MATRIZ;INSTITUTO FETRANSPAR;NAO;0;REBOUCAS;CURITIBA
30281605000169;30281605;MATRIZ;RALTEC TECNOLOGIA DA INFORMACAO LTDA;SIM;30000;AGUA VERDE;CURITIBA
30351627000158;30351627;MATRIZ;RAFAEL DA LUZ VAZ - COMERCIO E CONSULTORIA TECNOLOGIA EIRELI;SIM;95400;SITIO CERCADO;CURITIBA
30517691000166;30517691;MATRIZ;LUCIANO JOHNSON CONSULTORIA EM TI;SIM;10000;JARDIM DAS AMERICAS;CURITIBA
30607379000163;30607379;MATRIZ;MENDEL E ZAMBERLAN CONSULTORIA EM DESENVOLVIMENTO DE SOFTWARE LTDA;SIM;1000;CRISTO REI;CURITIBA
30677270000100;30677270;MATRIZ;PAULIN DESIGN E DESENVOLVIMENTO DE SISTEMAS INTERFACES E EXPERIENCIA DO USUARIO LTDA;SIM;1000;JUVEVE;CURITIBA
30920180000190;30920180;MATRIZ;NOEMI HISSAE SENAGA;NAO;5000;UBERABA;CURITIBA
30935151000100;30935151;MATRIZ;EVERTON SCHIPFER;SIM;1000;BOA VISTA;CURITIBA
30974259000102;30974259;MATRIZ;THIAGO BELIZARIO DA SILVA JIMENEZ CONSULTORIA E SERVICOS DE TI;SIM;1000;CENTRO;CURITIBA
31041904000199;31041904;MATRIZ;WILLIAM DE SOUZA ANALIO CONSULTORIA EM TI;SIM;1000;MERCES;CURITIBA
31079657000110;31079657;MATRIZ;HI-LAW CONSULTORIA EM TECNOLOGIA DA INFORMACAO LTDA;SIM;10000;BATEL;CURITIBA
31111152000195;31111152;MATRIZ;LF TECNOLOGIA E GESTAO DE PESSOAS LTDA;SIM;500;AGUA VERDE;CURITIBA
31160141000103;31160141;MATRIZ;LOGLOG TECNOLOGIA LTDA;NAO;10000;ALTO DA RUA XV;CURITIBA
31168095000180;31168095;MATRIZ;BIM START SERVICOS TECNOLOGICOS LTDA.;NAO;15000;CENTRO;CURITIBA
31264122000119;31264122;MATRIZ;VEXPRO SOLUCOES EM TECNOLOGIA LTDA;NAO;20000;AGUA VERDE;CURITIBA
31615060000142;31615060;MATRIZ;VALDEMIR FERNANDES DE RAMOS;SIM;1000;AGUA VERDE;CURITIBA
32089832000112;32089832;MATRIZ;THIAGO DE OLIVEIRA FELIX CONSULTORIA EM TI;SIM;1000;VILA IZABEL;CURITIBA
32161647000191;32161647;MATRIZ;FOBONE TECNOLOGIA DA INFORMACAO LTDA;SIM;2000;PINHEIRINHO;CURITIBA
32177085000174;32177085;MATRIZ;ATDM CONSULTORIA EMPRESARIAL LTDA;NAO;95400;MOSSUNGUE;CURITIBA
32214357000169;32214357;MATRIZ;DATABZNESS CONSULTORIA EM TI LTDA;SIM;10000;VILA IZABEL;CURITIBA
32340117000100;32340117;MATRIZ;SPRO CONSULTORIA E INFORMATICA LTDA SCP TV;NAO;100;REBOUCAS;CURITIBA
32340240000121;32340240;MATRIZ;SPRO CONSULTORIA E INFORMATICA LTDA SCP FZC;NAO;100;REBOUCAS;CURITIBA
32494446000106;32494446;MATRIZ;SENSO ESTRATEGIA MULTI CANAIS S.A.;NAO;200000;ALTO DA RUA XV;CURITIBA
32509849000181;32509849;MATRIZ;THIAGO AZEVEDO DE BASSI COMERCIO DE EQUIPAMENTOS DE INFORMATICA;SIM;1000;SAO BRAZ;CURITIBA
33041999000176;33041999;MATRIZ;NETPROJ CONSULTORIA E ASSESSORIA PARA TRANSFORMACAO DIGITAL INTELIGENTE LTDA;SIM;90000;GUABIROTUBA;CURITIBA
33332029000120;33332029;MATRIZ;INTERGALAXY HOLDINGS SA;NAO;12575391;CAMPO COMPRIDO;CURITIBA
33454191000110;33454191;MATRIZ;JUAN FRANCO XAVIER DA SILVA;SIM;1000;CENTRO;CURITIBA
33665328000186;33665328;MATRIZ;LUAN RODRIGO PINTO KOTZ TECNOLOGIA DA INFORMACAO;SIM;1000;BOA VISTA;CURITIBA
33759076000154;33759076;MATRIZ;LINCK TECHNOLOGY LTDA;SIM;1000;CENTRO;CURITIBA
33808438000150;33808438;MATRIZ;METODO IT TREINAMENTOS E SERVICOS DE INFORMATICA LTDA;SIM;20000;REBOUCAS;CURITIBA
34093177000100;34093177;MATRIZ;PEDRO AUGUSTO D BRAZ TECNOOGIA DA INTFORMACAO;SIM;1000;AGUA VERDE;CURITIBA
34758830000102;34758830;MATRIZ;DANILO CALVO ZENI - ZENI WEB CONSULTORIA EM TECNOLOGIA DA INFORMACAO;SIM;2000;CIDADE INDUSTRIAL;CURITIBA
35140820000163;35140820;MATRIZ;COINOVAC CONSULTORIA EM INFORMATICA LTDA;NAO;20000;CENTRO CIVICO;CURITIBA
35333643000131;35333643;MATRIZ;GORDION CONSULTORIA EMPRESARIAL LTDA;SIM;3000;BOM RETIRO;CURITIBA
35375291000187;35375291;MATRIZ;DARTHPOYO SERVICOS DE CONSULTORIA EM TECNOLOGIA DA INFORMACAO LTDA;SIM;1000;CIDADE INDUSTRIAL;CURITIBA
35458529000138;35458529;MATRIZ;CST IT COMERCIO E SERVICOS LTDA;SIM;1000;JARDIM SOCIAL;CURITIBA
35585732000175;35585732;MATRIZ;DEX IT SOLUCOES EM TECNOLOGIA DA INFORMACAO LTDA;SIM;30000;SANTA CANDIDA;CURITIBA
35630160000107;35630160;MATRIZ;BIM START SERVICOS TECNOLOGICOS LTDA - SCP;NAO;335000;CENTRO;CURITIBA
35749625000135;35749625;MATRIZ;CONCAT ALL - SERVICOS EM TECNOLOGIA DA INFORMACAO LTDA;SIM;10000;CAPAO DA IMBUIA;CURITIBA
35829508000181;35829508;MATRIZ;INSTITUTO BRASILEIRO DE PROTECAO DE DADOS LTDA;SIM;3000;AGUA VERDE;CURITIBA
36260526000158;36260526;MATRIZ;JOY SOLUCOES E TECNOLOGIA LTDA;SIM;50000;BOQUEIRAO;CURITIBA
36325775000184;36325775;MATRIZ;MAX SISTEMAS DE INFORMATICA E CONSULTORIA FINANCEIRA LTDA;NAO;100000;CIDADE INDUSTRIAL;CURITIBA
36353517000101;36353517;MATRIZ;ABRANTECK TI SOLUCOES EMPRESARIAIS LTDA;SIM;10000;CAJURU;CURITIBA
36467291000170;36467291;MATRIZ;TK TECHNOLOGIES CONSULTORIA EM TECNOLOGIA DA INFORMACAO LTDA;NAO;10000;ALTO DA RUA XV;CURITIBA
36474896000198;36474896;MATRIZ;JONAS TERTULIANO DOS SANTOS EIRELI;SIM;104500;CENTRO;CURITIBA
36716381000157;36716381;MATRIZ;NASTECH TECNOLOGIA DA INFORMACAO LTDA;SIM;5000;AGUA VERDE;CURITIBA
36734254000180;36734254;MATRIZ;COLLISION INTELLIGENCE LABS SERVICOS DE SEGURANCA DA INFORMACAO LTDA;SIM;1200;BOA VISTA;CURITIBA
36869780000158;36869780;MATRIZ;TAG TECNOLOGIA EM GESTAO DE PAGAMENTOS S/A;NAO;500000;CENTRO CIVICO;CURITIBA
37658745000152;37658745;MATRIZ;ALFA TECH COMERCIO E SERVICO LTDA;SIM;1000;CAJURU;CURITIBA
38235218000106;38235218;MATRIZ;RICARDO SANTOS CONSULTORIA EM SOFTWARE LTDA.;NAO;10000;JUVEVE;CURITIBA
38475698000174;38475698;MATRIZ;HOLDING KIND OUTSIDERS LTDA;SIM;1000;SEMINARIO;CURITIBA
39233445000157;39233445;MATRIZ;I HUMAN TECNOLOGIA CONSULTORIA EM TECNOLOGIA DA INFORMACAO LTDA;NAO;100000;CENTRO CIVICO;CURITIBA
39355783000161;39355783;MATRIZ;BERGOLD TECH CONSULTORIA EIRELI;SIM;200000;CAJURU;CURITIBA
39469328000197;39469328;MATRIZ;MIVA TECNOLOGIA LTDA;SIM;20000;PILARZINHO;CURITIBA
40188443000172;40188443;MATRIZ;CSMA SERVICOS DE AUTOMACAO LTDA;SIM;0;BIGORRILHO;CURITIBA
40672980000193;40672980;MATRIZ;APETIS CONSULTORIA LTDA;SIM;5000;JUVEVE;CURITIBA
40871094000199;40871094;MATRIZ;SPRO CONSULTORIA E INFORMATICA LTDA SCP (RRF);NAO;100;REBOUCAS;CURITIBA
40877677000127;40877677;MATRIZ;CARDOSO PEREIRA & SOFIA BAPTISTA - TECNOLOGIAS DA INFORMACAO, LDA DO BRASIL;NAO;30000;AGUA VERDE;CURITIBA
40894681000101;40894681;MATRIZ;LLB SOLUCOES EM MULTIMIDIA LTDA;SIM;1000;ALTO BOQUEIRAO;CURITIBA
40942231000139;40942231;MATRIZ;VELVET DESENVOLVIMENTO DE SOFTWARE LTDA;SIM;20000;JUVEVE;CURITIBA
41273734000121;41273734;MATRIZ;HD DEVFORCE LTDA;SIM;10000;CENTRO;CURITIBA
41368252000155;41368252;MATRIZ;REVIRAVOLTA LOCAL COMUNICACAO E TECNOLOGIA LTDA.;SIM;10000;HUGO LANGE;CURITIBA
41418108000186;41418108;MATRIZ;IGREE SIGN INFORMATICA LTDA;NAO;10000;AGUA VERDE;CURITIBA
73212854000105;73212854;MATRIZ;H & G CONSULTORIA EM INFORMATICA;NAO;0;AGUA VERDE;CURITIBA
79636379000180;79636379;MATRIZ;SOFT ONE CONSULTORIA EM TECNOLOGIA DA INFORMACAO EIRELI;NAO;565320;JARDIM DAS AMERICAS;CURITIBA
80005374000139;80005374;MATRIZ;DWM CONSULTORIA LTDA;NAO;10000;CAJURU;CURITIBA
81050932000140;81050932;MATRIZ;RECANTO - CONSULTORIA, INFORMATICA E PROMOCOES LTDA;NAO;0;CAJURU;CURITIBA
81236770000130;81236770;MATRIZ;ESFERA INFORMATICA EIRELI;NAO;100000;ALTO DA RUA XV;CURITIBA
82525718000166;82525718;MATRIZ;BRIDGE CONSULTORIA E GESTAO LTDA;NAO;0;BARREIRINHA;CURITIBA
85049070000197;85049070;MATRIZ;PRODIGIT SISTEMAS DE INFORMATICA LTDA.;NAO;60000;SAO FRANCISCO;CURITIBA
85516912000173;85516912;MATRIZ;VALMELL SISTEMAS E SERVICOS DE INFORMATICA LTDA;SIM;0;CAMPINA DO SIQUEIRA;CURITIBA
